{
    "average_document_length": {
        "stars": 5.912412177985948,
        "genres": 2.5002341920374707,
        "summaries": 241.49227166276347
    },
    "document_count": 2135
}