{
    "averge_document_length": {
        "stars": 2.8852459016393444,
        "genres": 2.5002341920374707,
        "summaries": 3.1358313817330212
    },
    "document_count": 2135
}